{"DocumentConnection":{"type":"DocumentConnection","resolveType":"multiCollectionDocumentList","collections":["blog","newsletter","allTopicsPage","podcast","contact","legal","pages","categories","authors","settings"]},"Node":{"type":"Node","resolveType":"nodeDocument"},"DocumentNode":{"type":"DocumentNode","resolveType":"multiCollectionDocument","createDocument":"create","updateDocument":"update"},"Blog":{"type":"Blog","resolveType":"collectionDocument","collection":"blog","createBlog":"create","updateBlog":"update"},"BlogConnection":{"type":"BlogConnection","resolveType":"collectionDocumentList","collection":"blog"},"Newsletter":{"type":"Newsletter","resolveType":"collectionDocument","collection":"newsletter","createNewsletter":"create","updateNewsletter":"update"},"NewsletterConnection":{"type":"NewsletterConnection","resolveType":"collectionDocumentList","collection":"newsletter"},"AllTopicsPage":{"type":"AllTopicsPage","resolveType":"collectionDocument","collection":"allTopicsPage","createAllTopicsPage":"create","updateAllTopicsPage":"update"},"AllTopicsPageConnection":{"type":"AllTopicsPageConnection","resolveType":"collectionDocumentList","collection":"allTopicsPage"},"Podcast":{"type":"Podcast","resolveType":"collectionDocument","collection":"podcast","createPodcast":"create","updatePodcast":"update"},"PodcastConnection":{"type":"PodcastConnection","resolveType":"collectionDocumentList","collection":"podcast"},"Contact":{"type":"Contact","resolveType":"collectionDocument","collection":"contact","createContact":"create","updateContact":"update"},"ContactConnection":{"type":"ContactConnection","resolveType":"collectionDocumentList","collection":"contact"},"Legal":{"type":"Legal","resolveType":"collectionDocument","collection":"legal","createLegal":"create","updateLegal":"update"},"LegalConnection":{"type":"LegalConnection","resolveType":"collectionDocumentList","collection":"legal"},"Pages":{"type":"Pages","resolveType":"collectionDocument","collection":"pages","createPages":"create","updatePages":"update"},"PagesConnection":{"type":"PagesConnection","resolveType":"collectionDocumentList","collection":"pages"},"Categories":{"type":"Categories","resolveType":"collectionDocument","collection":"categories","createCategories":"create","updateCategories":"update"},"CategoriesConnection":{"type":"CategoriesConnection","resolveType":"collectionDocumentList","collection":"categories"},"Authors":{"type":"Authors","resolveType":"collectionDocument","collection":"authors","createAuthors":"create","updateAuthors":"update"},"AuthorsConnection":{"type":"AuthorsConnection","resolveType":"collectionDocumentList","collection":"authors"},"Settings":{"type":"Settings","resolveType":"collectionDocument","collection":"settings","createSettings":"create","updateSettings":"update"},"SettingsConnection":{"type":"SettingsConnection","resolveType":"collectionDocumentList","collection":"settings"}}