{"version":{"fullVersion":"1.6.0","major":"1","minor":"6","patch":"0"},"meta":{"flags":["experimentalData"]},"collections":[{"name":"blog","label":"📝 TinkByte Articles","path":"src/content/blog","format":"mdx","ui":{"filename":{"readonly":false}},"fields":[{"type":"object","name":"editorial","label":"📋 Editorial Workflow","description":"Track article progress and editorial notes","ui":{"component":"group"},"fields":[{"type":"string","name":"status","label":"Article Status","options":[{"label":"📝 Draft","value":"draft"},{"label":"✏️ In Review","value":"review"},{"label":"✅ Ready to Publish","value":"approved"},{"label":"🚀 Published","value":"published"},{"label":"🔄 Needs Revision","value":"revision"}],"ui":{"component":"radio-group"},"namespace":["blog","editorial","status"],"searchable":true,"uid":false},{"type":"string","name":"assignedEditor","label":"Assigned Editor","options":[{"label":"Eiza","value":"Eiza"},{"label":"TinkByte Team","value":"TinkByte Team"},{"label":"Guest Editor","value":"Guest Editor"}],"namespace":["blog","editorial","assignedEditor"],"searchable":true,"uid":false},{"type":"string","name":"editorNotes","label":"Editorial Notes","description":"Internal notes for the editorial team","ui":{"component":"textarea"},"namespace":["blog","editorial","editorNotes"],"searchable":true,"uid":false}],"namespace":["blog","editorial"],"searchable":true,"uid":false},{"type":"string","name":"title","label":"📰 Article Title","isTitle":true,"required":true,"description":"SEO-friendly title (max 100 characters)","ui":{},"namespace":["blog","title"],"searchable":true,"uid":false},{"type":"string","name":"excerpt","label":"📄 Article Excerpt","required":true,"description":"Brief summary for previews and SEO (max 300 characters)","ui":{"component":"textarea"},"namespace":["blog","excerpt"],"searchable":true,"uid":false},{"type":"datetime","name":"pubDate","label":"📅 Publication Date","required":true,"ui":{"dateFormat":"YYYY-MM-DD","timeFormat":"HH:mm"},"namespace":["blog","pubDate"],"searchable":true,"uid":false},{"type":"datetime","name":"updatedDate","label":"Last Updated","description":"Optional: When the post was last significantly updated","namespace":["blog","updatedDate"],"searchable":true,"uid":false},{"type":"object","name":"authorInfo","label":"👤 Author Information","description":"Author details (only name is required)","fields":[{"type":"string","name":"name","label":"Author Name","required":true,"options":[{"label":"TinkByte Team","value":"TinkByte Team"},{"label":"Eiza","value":"Eiza"},{"label":"Dr. Elena Vasquez","value":"Dr. Elena Vasquez"},{"label":"Alex Chen","value":"Alex Chen"},{"label":"Sarah Kim","value":"Sarah Kim"},{"label":"Marcus Rodriguez","value":"Marcus Rodriguez"},{"label":"Dr. James Liu","value":"Dr. James Liu"},{"label":"Rachel Torres","value":"Rachel Torres"},{"label":"Guest Author","value":"Guest Author"}],"ui":{"component":"select"},"namespace":["blog","authorInfo","name"],"searchable":true,"uid":false},{"type":"string","name":"bio","label":"Author Bio","required":false,"description":"Optional: Brief author description","ui":{"component":"textarea"},"namespace":["blog","authorInfo","bio"],"searchable":true,"uid":false},{"type":"image","name":"avatar","label":"Author Avatar","required":false,"description":"Optional: Author profile image","namespace":["blog","authorInfo","avatar"],"searchable":false,"uid":false},{"type":"string","name":"role","label":"Author Role","required":false,"description":"Optional: Professional title","namespace":["blog","authorInfo","role"],"searchable":true,"uid":false},{"type":"object","name":"social","label":"Social Media Links","required":false,"description":"Optional: Author's social media","fields":[{"type":"string","name":"twitter","label":"Twitter URL","required":false,"description":"Optional: Full Twitter URL","namespace":["blog","authorInfo","social","twitter"],"searchable":true,"uid":false},{"type":"string","name":"linkedin","label":"LinkedIn URL","required":false,"description":"Optional: Full LinkedIn URL","namespace":["blog","authorInfo","social","linkedin"],"searchable":true,"uid":false},{"type":"string","name":"github","label":"GitHub URL","required":false,"description":"Optional: Full GitHub URL","namespace":["blog","authorInfo","social","github"],"searchable":true,"uid":false},{"type":"string","name":"website","label":"Personal Website","required":false,"description":"Optional: Full website URL","namespace":["blog","authorInfo","social","website"],"searchable":true,"uid":false}],"namespace":["blog","authorInfo","social"],"searchable":true,"uid":false}],"namespace":["blog","authorInfo"],"searchable":true,"uid":false},{"type":"object","name":"heroImage","label":"🖼️ Featured Image Options","description":"Choose how to add your featured image","fields":[{"type":"string","name":"imageType","label":"Image Source Type","required":true,"options":[{"label":"📁 Upload Image File","value":"upload"},{"label":"🔗 Use External URL","value":"url"}],"ui":{"component":"radio-group"},"namespace":["blog","heroImage","imageType"],"searchable":true,"uid":false},{"type":"image","name":"uploadedImage","label":"Upload Image File","description":"Upload an image (recommended: 1200x630px) - Use this if you selected 'Upload'","namespace":["blog","heroImage","uploadedImage"],"searchable":false,"uid":false},{"type":"string","name":"externalUrl","label":"External Image URL","description":"Paste the full URL (e.g., https://images.unsplash.com/photo-123...) - Use this if you selected 'URL'","namespace":["blog","heroImage","externalUrl"],"searchable":true,"uid":false},{"type":"string","name":"alt","label":"Alt Text (Required)","required":true,"description":"Describe the image for accessibility and SEO","namespace":["blog","heroImage","alt"],"searchable":true,"uid":false},{"type":"string","name":"caption","label":"Image Caption","description":"Optional caption displayed below the image","namespace":["blog","heroImage","caption"],"searchable":true,"uid":false}],"namespace":["blog","heroImage"],"searchable":true,"uid":false},{"type":"image","name":"image","label":"Legacy Image (Backup)","description":"Fallback image field for existing posts","namespace":["blog","image"],"searchable":false,"uid":false},{"type":"string","name":"imageAlt","label":"Legacy Alt Text","description":"Alt text for legacy image field","namespace":["blog","imageAlt"],"searchable":true,"uid":false},{"type":"string","name":"category","label":"🏷️ Content Pillar","required":true,"options":[{"label":"🔨 Build Thinking","value":"build-thinking"},{"label":"📚 Learning by Doing","value":"learning-by-doing"},{"label":"🔄 Fail / Iterate / Ship","value":"fail-iterate-ship"},{"label":"💡 Product Lessons","value":"product-lessons"},{"label":"🚀 Startup Insight","value":"startup-insight"},{"label":"🎯 Product Strategy","value":"product-strategy"},{"label":"🧠 AI Evolution","value":"ai-evolution"},{"label":"🛠️ Developer Stack & Tools","value":"developer-stack-tools"},{"label":"📊 Research Bites","value":"research-bites"},{"label":"⚙️ System Thinking","value":"system-thinking"},{"label":"🖥️ The Interface","value":"the-interface"},{"label":"👥 Tech Culture","value":"tech-culture"},{"label":"🌍 Global Perspective","value":"global-perspective"},{"label":"🤝 Community Innovation","value":"community-innovation"},{"label":"💼 Career Stacks","value":"career-stacks"},{"label":"⚡ Future Stacks","value":"future-stacks"},{"label":"💰 Business Models & Monetization","value":"business-models-monetization"},{"label":"⭐ Creator Economy","value":"creator-economy"},{"label":"👁️ Consumer Behavior & Attention","value":"consumer-behavior-attention"},{"label":"🗺️ Ecosystem Shifts & Market Maps","value":"ecosystem-shifts-market-maps"},{"label":"👥 People Systems","value":"people-systems"}],"description":"Select the main content pillar for this post","namespace":["blog","category"],"searchable":true,"uid":false},{"type":"string","name":"storyType","label":"Story Layout","options":[{"label":"Feature Story","value":"feature"},{"label":"Technical Analysis","value":"technical-analysis"},{"label":"Quick Read","value":"quick-read"},{"label":"Data Story","value":"data-story"},{"label":"Build Guide","value":"build-guide"},{"label":"Failure Story","value":"failure-story"},{"label":"Global Spotlight","value":"global-spotlight"}],"description":"Choose the story format and layout style","namespace":["blog","storyType"],"searchable":true,"uid":false},{"type":"string","name":"tags","label":"Tags","list":true,"description":"Add relevant tags (lowercase, hyphen-separated)","ui":{"component":"tags"},"namespace":["blog","tags"],"searchable":true,"uid":false},{"type":"boolean","name":"featured","label":"Featured Post","description":"Show this post in featured section on homepage","namespace":["blog","featured"],"searchable":true,"uid":false},{"type":"boolean","name":"trending","label":"Trending Post","description":"Mark as trending (shows in trending section)","namespace":["blog","trending"],"searchable":true,"uid":false},{"type":"boolean","name":"draft","label":"Draft","description":"Save as draft (won't be published)","namespace":["blog","draft"],"searchable":true,"uid":false},{"type":"string","name":"readTime","label":"Reading Time","description":"e.g., '5 min read' (auto-calculated if left empty)","namespace":["blog","readTime"],"searchable":true,"uid":false},{"type":"boolean","name":"hasAudio","label":"🎧 Has Audio Version","description":"Check if this article has an audio version","namespace":["blog","hasAudio"],"searchable":true,"uid":false},{"type":"string","name":"audioUrl","label":"Audio File URL","description":"Link to MP3 or audio file (only fill if Has Audio is checked)","namespace":["blog","audioUrl"],"searchable":true,"uid":false},{"type":"string","name":"audioDuration","label":"Audio Duration","description":"e.g., '12:30' (only fill if Has Audio is checked)","namespace":["blog","audioDuration"],"searchable":true,"uid":false},{"type":"string","name":"audioTranscript","label":"Audio Transcript","description":"Full audio transcript for accessibility (only fill if Has Audio is checked)","ui":{"component":"textarea"},"namespace":["blog","audioTranscript"],"searchable":true,"uid":false},{"type":"object","name":"seo","label":"🔍 SEO Settings","description":"Advanced SEO options (optional)","fields":[{"type":"boolean","name":"customSEO","label":"Use Custom SEO","description":"Override default SEO with custom values","namespace":["blog","seo","customSEO"],"searchable":true,"uid":false},{"type":"string","name":"title","label":"SEO Title","description":"Custom title for search engines (max 60 chars) - only use if Custom SEO is checked","ui":{},"namespace":["blog","seo","title"],"searchable":true,"uid":false},{"type":"string","name":"description","label":"Meta Description","description":"Custom description for search engines (max 300 chars) - only use if Custom SEO is checked","ui":{"component":"textarea"},"namespace":["blog","seo","description"],"searchable":true,"uid":false},{"type":"string","name":"canonical","label":"Canonical URL","description":"If this content was published elsewhere first - only use if Custom SEO is checked","namespace":["blog","seo","canonical"],"searchable":true,"uid":false},{"type":"boolean","name":"noindex","label":"No Index","description":"Prevent search engines from indexing this post","namespace":["blog","seo","noindex"],"searchable":true,"uid":false}],"namespace":["blog","seo"],"searchable":true,"uid":false},{"type":"rich-text","name":"body","label":"📝 Article Content","isBody":true,"description":"Write your article content. Use the toolbar to add images, videos, and other media blocks.","templates":[{"name":"Newsletter","label":"📧 Newsletter Signup","ui":{"defaultItem":{"variant":"inline","title":"Stay Updated with TinkByte","description":"Get practical insights delivered weekly. No fluff, just actionable content.","buttonText":"Subscribe","showFeatures":true,"features":["Weekly insights","No spam","Unsubscribe anytime"]}},"fields":[{"type":"string","name":"variant","label":"Newsletter Style","options":[{"label":"Inline (recommended)","value":"inline"},{"label":"Sidebar","value":"sidebar"},{"label":"Hero Banner","value":"hero"},{"label":"Minimal","value":"minimal"}],"namespace":["blog","body","Newsletter","variant"],"searchable":true,"uid":false},{"type":"string","name":"title","label":"Newsletter Title","description":"Keep it benefit-focused","namespace":["blog","body","Newsletter","title"],"searchable":true,"uid":false},{"type":"string","name":"description","label":"Value Proposition","ui":{"component":"textarea"},"description":"What specific value do subscribers get?","namespace":["blog","body","Newsletter","description"],"searchable":true,"uid":false},{"type":"string","name":"buttonText","label":"CTA Button Text","description":"Action-oriented text (e.g., 'Get Weekly Insights')","namespace":["blog","body","Newsletter","buttonText"],"searchable":true,"uid":false},{"type":"boolean","name":"showFeatures","label":"Show Benefits List","namespace":["blog","body","Newsletter","showFeatures"],"searchable":true,"uid":false},{"type":"string","name":"features","label":"Key Benefits","list":true,"description":"3-4 key benefits subscribers get","namespace":["blog","body","Newsletter","features"],"searchable":true,"uid":false}],"namespace":["blog","body","Newsletter"]},{"name":"ImageBlock","label":"📷 Insert Image","ui":{"defaultItem":{"sourceType":"url","alt":"","caption":"","size":"large"}},"fields":[{"type":"string","name":"sourceType","label":"Image Source","options":[{"label":"🔗 External URL","value":"url"},{"label":"📁 Upload File","value":"upload"}],"ui":{"component":"radio-group"},"namespace":["blog","body","ImageBlock","sourceType"],"searchable":true,"uid":false},{"type":"image","name":"uploadedImage","label":"Upload Image","description":"Use this if you selected 'Upload File' above","namespace":["blog","body","ImageBlock","uploadedImage"],"searchable":false,"uid":false},{"type":"string","name":"externalUrl","label":"Image URL","description":"Paste image URL (e.g., https://images.unsplash.com/...) - Use this if you selected 'External URL' above","namespace":["blog","body","ImageBlock","externalUrl"],"searchable":true,"uid":false},{"type":"string","name":"alt","label":"Alt Text","required":true,"namespace":["blog","body","ImageBlock","alt"],"searchable":true,"uid":false},{"type":"string","name":"caption","label":"Caption","description":"Optional caption below image","namespace":["blog","body","ImageBlock","caption"],"searchable":true,"uid":false},{"type":"string","name":"size","label":"Size","options":[{"label":"Small","value":"small"},{"label":"Medium","value":"medium"},{"label":"Large","value":"large"},{"label":"Full Width","value":"full"}],"namespace":["blog","body","ImageBlock","size"],"searchable":true,"uid":false},{"type":"boolean","name":"enableLightbox","label":"Enable Lightbox","description":"Allow image to be clicked for full-size view (recommended for medium/large/full images)","namespace":["blog","body","ImageBlock","enableLightbox"],"searchable":true,"uid":false}],"namespace":["blog","body","ImageBlock"]},{"name":"VideoBlock","label":"📹 Video","ui":{"defaultItem":{"platform":"youtube","url":"","title":"Video Title","description":""}},"fields":[{"type":"string","name":"platform","label":"Video Platform","options":[{"label":"📺 YouTube","value":"youtube"},{"label":"🎥 Vimeo","value":"vimeo"},{"label":"🔗 Direct URL","value":"direct"}],"ui":{"component":"radio-group"},"namespace":["blog","body","VideoBlock","platform"],"searchable":true,"uid":false},{"type":"string","name":"url","label":"Video URL","required":true,"description":"Full URL to the video","namespace":["blog","body","VideoBlock","url"],"searchable":true,"uid":false},{"type":"string","name":"title","label":"Video Title","description":"Title displayed above the video","namespace":["blog","body","VideoBlock","title"],"searchable":true,"uid":false},{"type":"string","name":"description","label":"Video Description","description":"Optional description displayed below the video","ui":{"component":"textarea"},"namespace":["blog","body","VideoBlock","description"],"searchable":true,"uid":false},{"type":"string","name":"aspectRatio","label":"Aspect Ratio","options":[{"label":"16:9 (Widescreen)","value":"16/9"},{"label":"4:3 (Standard)","value":"4/3"},{"label":"1:1 (Square)","value":"1/1"}],"description":"Video container aspect ratio","namespace":["blog","body","VideoBlock","aspectRatio"],"searchable":true,"uid":false},{"type":"string","name":"startTime","label":"Start Time","description":"Start time in seconds (for YouTube/Vimeo only)","namespace":["blog","body","VideoBlock","startTime"],"searchable":true,"uid":false}],"namespace":["blog","body","VideoBlock"]},{"name":"Callout","label":"💡 Callout Box","ui":{"defaultItem":{"type":"info","title":"Important Note","content":"Add your callout content here..."}},"fields":[{"type":"string","name":"type","label":"Callout Type","options":[{"label":"💡 Info (Blue)","value":"info"},{"label":"⚠️ Warning (Yellow)","value":"warning"},{"label":"✅ Success (Green)","value":"success"},{"label":"❌ Error (Red)","value":"error"},{"label":"🔥 Tip (Purple)","value":"tip"},{"label":"📝 Note (Gray)","value":"note"},{"label":"🎯 Custom","value":"custom"}],"namespace":["blog","body","Callout","type"],"searchable":true,"uid":false},{"type":"string","name":"customColor","label":"Custom Color","description":"Hex color code for custom callout (only use if Custom type is selected)","namespace":["blog","body","Callout","customColor"],"searchable":true,"uid":false},{"type":"string","name":"title","label":"Title","namespace":["blog","body","Callout","title"],"searchable":true,"uid":false},{"type":"string","name":"content","label":"Content","ui":{"component":"textarea"},"namespace":["blog","body","Callout","content"],"searchable":true,"uid":false},{"type":"boolean","name":"dismissible","label":"Dismissible","description":"Allow users to close this callout (recommended for info/tip types)","namespace":["blog","body","Callout","dismissible"],"searchable":true,"uid":false}],"namespace":["blog","body","Callout"]},{"name":"CodeBlock","label":"💻 Code Block","ui":{"defaultItem":{"language":"javascript","code":"// Your code here\n"}},"fields":[{"type":"string","name":"language","label":"Programming Language","options":[{"label":"JavaScript","value":"javascript"},{"label":"TypeScript","value":"typescript"},{"label":"Python","value":"python"},{"label":"Bash/Shell","value":"bash"},{"label":"CSS","value":"css"},{"label":"HTML","value":"html"},{"label":"JSON","value":"json"},{"label":"Astro","value":"astro"},{"label":"React/JSX","value":"jsx"},{"label":"Vue","value":"vue"},{"label":"Markdown","value":"markdown"},{"label":"SQL","value":"sql"},{"label":"Go","value":"go"},{"label":"Rust","value":"rust"},{"label":"PHP","value":"php"},{"label":"Java","value":"java"},{"label":"Other","value":"other"}],"namespace":["blog","body","CodeBlock","language"],"searchable":true,"uid":false},{"type":"string","name":"customLanguage","label":"Custom Language","description":"Specify custom language name (only use if 'Other' is selected above)","namespace":["blog","body","CodeBlock","customLanguage"],"searchable":true,"uid":false},{"type":"string","name":"filename","label":"Filename (optional)","description":"e.g., 'src/components/Header.astro'","namespace":["blog","body","CodeBlock","filename"],"searchable":true,"uid":false},{"type":"string","name":"code","label":"Code","required":true,"ui":{"component":"textarea"},"namespace":["blog","body","CodeBlock","code"],"searchable":true,"uid":false},{"type":"boolean","name":"showLineNumbers","label":"Show Line Numbers","description":"Display line numbers in code block","namespace":["blog","body","CodeBlock","showLineNumbers"],"searchable":true,"uid":false},{"type":"string","name":"highlightLines","label":"Highlight Lines","description":"Comma-separated line numbers to highlight (e.g., '1,3,5-7') - only use if line numbers are enabled","namespace":["blog","body","CodeBlock","highlightLines"],"searchable":true,"uid":false}],"namespace":["blog","body","CodeBlock"]},{"name":"Quote","label":"💬 Quote","ui":{"defaultItem":{"quote":"The future belongs to those who build it.","author":"TinkByte Team","style":"default"}},"fields":[{"type":"string","name":"quote","label":"Quote Text","required":true,"ui":{"component":"textarea"},"namespace":["blog","body","Quote","quote"],"searchable":true,"uid":false},{"type":"string","name":"author","label":"Quote Author","namespace":["blog","body","Quote","author"],"searchable":true,"uid":false},{"type":"string","name":"role","label":"Author Role/Title","description":"Only fill if author is provided","namespace":["blog","body","Quote","role"],"searchable":true,"uid":false},{"type":"string","name":"company","label":"Author Company","description":"Only fill if author is provided","namespace":["blog","body","Quote","company"],"searchable":true,"uid":false},{"type":"string","name":"avatar","label":"Author Avatar URL","description":"Optional: Link to author's photo (recommended for card/featured styles)","namespace":["blog","body","Quote","avatar"],"searchable":true,"uid":false},{"type":"string","name":"style","label":"Quote Style","options":[{"label":"Default","value":"default"},{"label":"Card","value":"card"},{"label":"Minimal","value":"minimal"},{"label":"Featured","value":"featured"},{"label":"Pullquote","value":"pullquote"}],"namespace":["blog","body","Quote","style"],"searchable":true,"uid":false},{"type":"string","name":"citation","label":"Citation/Source","description":"Source of the quote (book, article, etc.) - recommended for featured/card styles","namespace":["blog","body","Quote","citation"],"searchable":true,"uid":false}],"namespace":["blog","body","Quote"]},{"name":"ButtonBlock","label":"🔘 Button","ui":{"defaultItem":{"text":"Click Here","url":"#","style":"primary","size":"medium","alignment":"left"}},"fields":[{"type":"string","name":"text","label":"Button Text","required":true,"description":"Text displayed on the button","namespace":["blog","body","ButtonBlock","text"],"searchable":true,"uid":false},{"type":"string","name":"url","label":"Button URL","required":true,"description":"Where the button links to","namespace":["blog","body","ButtonBlock","url"],"searchable":true,"uid":false},{"type":"string","name":"style","label":"Button Style","options":[{"label":"🔵 Primary","value":"primary"},{"label":"⚪ Secondary","value":"secondary"},{"label":"🟢 Success","value":"success"},{"label":"🟡 Warning","value":"warning"},{"label":"🔴 Danger","value":"danger"},{"label":"🔗 Link","value":"link"},{"label":"🎨 Custom","value":"custom"}],"namespace":["blog","body","ButtonBlock","style"],"searchable":true,"uid":false},{"type":"string","name":"customColor","label":"Custom Button Color","description":"Hex color code for custom button (only use if Custom style is selected)","namespace":["blog","body","ButtonBlock","customColor"],"searchable":true,"uid":false},{"type":"string","name":"size","label":"Button Size","options":[{"label":"Small","value":"small"},{"label":"Medium","value":"medium"},{"label":"Large","value":"large"}],"namespace":["blog","body","ButtonBlock","size"],"searchable":true,"uid":false},{"type":"string","name":"alignment","label":"Button Alignment","options":[{"label":"Left","value":"left"},{"label":"Center","value":"center"},{"label":"Right","value":"right"}],"namespace":["blog","body","ButtonBlock","alignment"],"searchable":true,"uid":false},{"type":"boolean","name":"openInNewTab","label":"Open in New Tab","description":"Open the link in a new browser tab","namespace":["blog","body","ButtonBlock","openInNewTab"],"searchable":true,"uid":false},{"type":"string","name":"icon","label":"Button Icon","description":"Optional emoji or icon (e.g., 🚀, 📧, 💡)","namespace":["blog","body","ButtonBlock","icon"],"searchable":true,"uid":false},{"type":"string","name":"iconPosition","label":"Icon Position","options":[{"label":"Left","value":"left"},{"label":"Right","value":"right"}],"description":"Position of icon (only use if icon is provided)","namespace":["blog","body","ButtonBlock","iconPosition"],"searchable":true,"uid":false}],"namespace":["blog","body","ButtonBlock"]},{"name":"TableBlock","label":"📊 Table","ui":{"defaultItem":{"caption":"Data Table","headers":["Column 1","Column 2","Column 3"],"rows":[{"cells":["Row 1, Col 1","Row 1, Col 2","Row 1, Col 3"]},{"cells":["Row 2, Col 1","Row 2, Col 2","Row 2, Col 3"]}],"style":"default"}},"fields":[{"type":"string","name":"caption","label":"Table Caption","description":"Optional caption displayed above the table","namespace":["blog","body","TableBlock","caption"],"searchable":true,"uid":false},{"type":"boolean","name":"hasHeaders","label":"Has Header Row","description":"First row contains column headers","namespace":["blog","body","TableBlock","hasHeaders"],"searchable":true,"uid":false},{"type":"string","name":"headers","label":"Table Headers","list":true,"description":"Column headers for the table (only fill if Has Header Row is checked)","namespace":["blog","body","TableBlock","headers"],"searchable":true,"uid":false},{"type":"object","name":"rows","label":"Table Rows","list":true,"description":"Table data rows","ui":{},"fields":[{"type":"string","name":"cells","label":"Row Data","list":true,"description":"Data for each cell in this row","namespace":["blog","body","TableBlock","rows","cells"]}],"namespace":["blog","body","TableBlock","rows"],"searchable":true,"uid":false},{"type":"string","name":"style","label":"Table Style","options":[{"label":"Default","value":"default"},{"label":"Striped","value":"striped"},{"label":"Bordered","value":"bordered"},{"label":"Compact","value":"compact"},{"label":"Responsive","value":"responsive"}],"namespace":["blog","body","TableBlock","style"],"searchable":true,"uid":false},{"type":"boolean","name":"sortable","label":"Sortable Columns","description":"Allow users to sort table columns (recommended when headers are enabled)","namespace":["blog","body","TableBlock","sortable"],"searchable":true,"uid":false}],"namespace":["blog","body","TableBlock"]},{"name":"TwoColumnLayout","label":"📑 Two Column Layout","ui":{"defaultItem":{"leftContent":"Left column content...","rightContent":"Right column content...","variant":"equal"}},"fields":[{"type":"string","name":"variant","label":"Column Layout","options":[{"label":"Equal Width","value":"equal"},{"label":"Left Larger (2/3 - 1/3)","value":"left-larger"},{"label":"Right Larger (1/3 - 2/3)","value":"right-larger"},{"label":"Custom Ratio","value":"custom"}],"namespace":["blog","body","TwoColumnLayout","variant"],"searchable":true,"uid":false},{"type":"string","name":"customRatio","label":"Custom Ratio","description":"e.g., '60-40', '70-30' (only use if Custom Ratio is selected)","namespace":["blog","body","TwoColumnLayout","customRatio"],"searchable":true,"uid":false},{"type":"rich-text","name":"leftContent","label":"Left Column","description":"Content for the left column","namespace":["blog","body","TwoColumnLayout","leftContent"],"searchable":true,"parser":{"type":"mdx"},"uid":false},{"type":"rich-text","name":"rightContent","label":"Right Column","description":"Content for the right column","namespace":["blog","body","TwoColumnLayout","rightContent"],"searchable":true,"parser":{"type":"mdx"},"uid":false},{"type":"string","name":"gap","label":"Column Gap","options":[{"label":"Small","value":"small"},{"label":"Medium","value":"medium"},{"label":"Large","value":"large"}],"namespace":["blog","body","TwoColumnLayout","gap"],"searchable":true,"uid":false},{"type":"boolean","name":"stackOnMobile","label":"Stack on Mobile","description":"Stack columns vertically on mobile devices","namespace":["blog","body","TwoColumnLayout","stackOnMobile"],"searchable":true,"uid":false}],"namespace":["blog","body","TwoColumnLayout"]},{"name":"ImageGallery","label":"🖼️ Image Gallery","ui":{"defaultItem":{"images":[],"layout":"grid-2","caption":""}},"fields":[{"type":"string","name":"caption","label":"Gallery Caption","description":"Optional caption for the entire gallery","namespace":["blog","body","ImageGallery","caption"],"searchable":true,"uid":false},{"type":"string","name":"layout","label":"Gallery Layout","options":[{"label":"2 Column Grid","value":"grid-2"},{"label":"3 Column Grid","value":"grid-3"},{"label":"4 Column Grid","value":"grid-4"},{"label":"Masonry","value":"masonry"},{"label":"Carousel","value":"carousel"},{"label":"Lightbox Grid","value":"lightbox"}],"namespace":["blog","body","ImageGallery","layout"],"searchable":true,"uid":false},{"type":"boolean","name":"autoplay","label":"Auto-play Carousel","description":"Automatically advance carousel slides (only use if Carousel layout is selected)","namespace":["blog","body","ImageGallery","autoplay"],"searchable":true,"uid":false},{"type":"number","name":"autoplaySpeed","label":"Auto-play Speed (seconds)","description":"Time between automatic slide changes (only use if auto-play is enabled)","namespace":["blog","body","ImageGallery","autoplaySpeed"],"searchable":true,"uid":false},{"type":"object","name":"images","label":"Images","list":true,"ui":{},"fields":[{"type":"image","name":"src","label":"Image","required":true,"namespace":["blog","body","ImageGallery","images","src"]},{"type":"string","name":"alt","label":"Alt Text","required":true,"namespace":["blog","body","ImageGallery","images","alt"]},{"type":"string","name":"caption","label":"Image Caption","description":"Optional caption for this specific image","namespace":["blog","body","ImageGallery","images","caption"]}],"namespace":["blog","body","ImageGallery","images"],"searchable":true,"uid":false}],"namespace":["blog","body","ImageGallery"]}],"namespace":["blog","body"],"searchable":true,"parser":{"type":"mdx"},"uid":false}],"namespace":["blog"]},{"name":"newsletter","label":"📧 Newsletter Issues","path":"src/content/newsletter","format":"mdx","ui":{"filename":{"readonly":false}},"fields":[{"type":"string","name":"title","label":"Issue Title","isTitle":true,"required":true,"description":"e.g., 'TinkStacks Weekly - Issue #25'","namespace":["newsletter","title"],"searchable":true,"uid":false},{"type":"number","name":"issueNumber","label":"Issue Number","required":true,"description":"Sequential issue number","namespace":["newsletter","issueNumber"],"searchable":true,"uid":false},{"type":"string","name":"newsletterType","label":"Newsletter Type","required":true,"options":[{"label":"Tinkbyte Weekly","value":"tinkbyte-weekly"},{"label":"Build Sheet","value":"build-sheet"},{"label":"Stackdown","value":"stackdown"},{"label":"Signal Drop","value":"signal-drop"},{"label":"System Signal","value":"system-signal"},{"label":"The Real Build","value":"the-real-build"},{"label":"The Loop","value":"the-loop"},{"label":"Data Slice","value":"data-slice"},{"label":"The Mirror","value":"the-mirror"},{"label":"Community Code","value":"community-code"},{"label":"Start Here: Future Tech","value":"future-tech"}],"ui":{"component":"select"},"namespace":["newsletter","newsletterType"],"searchable":true,"uid":false},{"type":"string","name":"excerpt","label":"Issue Description","required":true,"description":"Brief summary of this issue's content","ui":{"component":"textarea"},"namespace":["newsletter","excerpt"],"searchable":true,"uid":false},{"type":"boolean","name":"subscriberOnly","label":"Subscriber Only Content","description":"If true, only show excerpt to non-subscribers (require subscription for full content)","namespace":["newsletter","subscriberOnly"],"searchable":true,"uid":false},{"type":"string","name":"previewContent","label":"Preview Content","description":"Content shown to non-subscribers (if different from excerpt)","ui":{"component":"textarea"},"namespace":["newsletter","previewContent"],"searchable":true,"uid":false},{"type":"datetime","name":"publishDate","label":"Publish Date","required":true,"ui":{"dateFormat":"YYYY-MM-DD","timeFormat":"HH:mm"},"namespace":["newsletter","publishDate"],"searchable":true,"uid":false},{"type":"string","name":"status","label":"Issue Status","options":[{"label":"📝 Draft","value":"draft"},{"label":"👀 Review","value":"review"},{"label":"📧 Scheduled","value":"scheduled"},{"label":"✅ Published","value":"published"},{"label":"📊 Archived","value":"archived"}],"ui":{"component":"radio-group"},"namespace":["newsletter","status"],"searchable":true,"uid":false},{"type":"boolean","name":"featured","label":"Featured Issue","description":"Highlight this issue prominently","namespace":["newsletter","featured"],"searchable":true,"uid":false},{"type":"image","name":"coverImage","label":"Issue Cover Image","description":"cover for this issue","namespace":["newsletter","coverImage"],"searchable":false,"uid":false},{"type":"object","name":"highlights","label":"Issue Highlights","list":true,"description":"Key topics covered in this issue","fields":[{"type":"string","name":"title","label":"Highlight Title","required":true,"namespace":["newsletter","highlights","title"],"searchable":true,"uid":false},{"type":"string","name":"description","label":"Highlight Description","ui":{"component":"textarea"},"namespace":["newsletter","highlights","description"],"searchable":true,"uid":false},{"type":"string","name":"link","label":"Related Link","namespace":["newsletter","highlights","link"],"searchable":true,"uid":false}],"namespace":["newsletter","highlights"],"searchable":true,"uid":false},{"type":"boolean","name":"trackStats","label":"Track Statistics","description":"Enable statistics tracking for this issue","namespace":["newsletter","trackStats"],"searchable":true,"uid":false},{"type":"object","name":"stats","label":"Issue Statistics","description":"Engagement metrics for this issue (only fill if Track Statistics is enabled)","fields":[{"type":"number","name":"subscribers","label":"Subscriber Count","description":"Number of subscribers when sent","namespace":["newsletter","stats","subscribers"],"searchable":true,"uid":false},{"type":"number","name":"openRate","label":"Open Rate (%)","description":"Email open rate percentage","namespace":["newsletter","stats","openRate"],"searchable":true,"uid":false},{"type":"number","name":"clickRate","label":"Click Rate (%)","description":"Link click rate percentage","namespace":["newsletter","stats","clickRate"],"searchable":true,"uid":false}],"namespace":["newsletter","stats"],"searchable":true,"uid":false},{"type":"string","name":"tags","label":"Issue Tags","list":true,"ui":{"component":"tags"},"namespace":["newsletter","tags"],"searchable":true,"uid":false},{"type":"object","name":"seo","label":"SEO Settings","fields":[{"type":"string","name":"title","label":"SEO Title","namespace":["newsletter","seo","title"],"searchable":true,"uid":false},{"type":"string","name":"description","label":"SEO Description","ui":{"component":"textarea"},"namespace":["newsletter","seo","description"],"searchable":true,"uid":false}],"namespace":["newsletter","seo"],"searchable":true,"uid":false},{"type":"rich-text","name":"body","label":"Newsletter Content","isBody":true,"description":"Main content of the newsletter issue","templates":[{"name":"NewsletterSection","label":"📰 Newsletter Section","fields":[{"type":"string","name":"title","label":"Section Title","required":true,"description":"e.g., 'This Week in Tech', 'Featured Articles'","namespace":["newsletter","body","NewsletterSection","title"],"searchable":true,"uid":false},{"type":"string","name":"icon","label":"Section Icon","description":"Emoji or icon for the section","namespace":["newsletter","body","NewsletterSection","icon"],"searchable":true,"uid":false},{"type":"rich-text","name":"content","label":"Section Content","namespace":["newsletter","body","NewsletterSection","content"],"searchable":true,"parser":{"type":"mdx"},"uid":false}],"namespace":["newsletter","body","NewsletterSection"]},{"name":"ArticleHighlight","label":"⭐ Article Highlight","fields":[{"type":"string","name":"title","label":"Article Title","required":true,"namespace":["newsletter","body","ArticleHighlight","title"],"searchable":true,"uid":false},{"type":"string","name":"url","label":"Article URL","required":true,"description":"Link to the full article","namespace":["newsletter","body","ArticleHighlight","url"],"searchable":true,"uid":false},{"type":"string","name":"excerpt","label":"Article Excerpt","description":"Brief summary for the newsletter","ui":{"component":"textarea"},"namespace":["newsletter","body","ArticleHighlight","excerpt"],"searchable":true,"uid":false},{"type":"string","name":"author","label":"Article Author","namespace":["newsletter","body","ArticleHighlight","author"],"searchable":true,"uid":false},{"type":"string","name":"readTime","label":"Reading Time","description":"e.g., '5 min read'","namespace":["newsletter","body","ArticleHighlight","readTime"],"searchable":true,"uid":false}],"namespace":["newsletter","body","ArticleHighlight"]}],"namespace":["newsletter","body"],"searchable":true,"parser":{"type":"mdx"},"uid":false}],"namespace":["newsletter"]},{"name":"allTopicsPage","label":"📑 All Topics Page","path":"src/content/allTopics","format":"md","ui":{"allowedActions":{"create":false,"delete":false}},"match":{"include":"index"},"fields":[{"type":"object","name":"hero","label":"Hero Section","fields":[{"type":"string","name":"badgeText","label":"Badge Text","required":true,"namespace":["allTopicsPage","hero","badgeText"],"searchable":true,"uid":false},{"type":"string","name":"title","label":"Main Title","required":true,"namespace":["allTopicsPage","hero","title"],"searchable":true,"uid":false},{"type":"string","name":"titleAccent","label":"Title Accent Text","required":true,"namespace":["allTopicsPage","hero","titleAccent"],"searchable":true,"uid":false},{"type":"string","name":"subtitle","label":"Subtitle","required":true,"ui":{"component":"textarea"},"namespace":["allTopicsPage","hero","subtitle"],"searchable":true,"uid":false}],"namespace":["allTopicsPage","hero"],"searchable":true,"uid":false},{"type":"object","name":"topics","label":"Topic Categories","list":true,"fields":[{"type":"string","name":"name","label":"Topic Name","required":true,"namespace":["allTopicsPage","topics","name"],"searchable":true,"uid":false},{"type":"string","name":"href","label":"Link Path","required":true,"description":"e.g., '/blog/categories/build-thinking'","namespace":["allTopicsPage","topics","href"],"searchable":true,"uid":false},{"type":"string","name":"description","label":"Description","required":true,"namespace":["allTopicsPage","topics","description"],"searchable":true,"uid":false},{"type":"string","name":"audience","label":"Target Audience","required":true,"namespace":["allTopicsPage","topics","audience"],"searchable":true,"uid":false}],"namespace":["allTopicsPage","topics"],"searchable":true,"uid":false},{"type":"object","name":"stats","label":"Statistics Section","fields":[{"type":"number","name":"topicCount","label":"Number of Topics","namespace":["allTopicsPage","stats","topicCount"],"searchable":true,"uid":false},{"type":"string","name":"articleCount","label":"Article Count Display","description":"e.g., '100+' or '150'","namespace":["allTopicsPage","stats","articleCount"],"searchable":true,"uid":false},{"type":"string","name":"storiesLabel","label":"Stories Label","description":"e.g., 'Real' or 'Authentic'","namespace":["allTopicsPage","stats","storiesLabel"],"searchable":true,"uid":false}],"namespace":["allTopicsPage","stats"],"searchable":true,"uid":false},{"type":"object","name":"cta","label":"Call to Action Section","fields":[{"type":"string","name":"title","label":"CTA Title","required":true,"namespace":["allTopicsPage","cta","title"],"searchable":true,"uid":false},{"type":"string","name":"description","label":"CTA Description","required":true,"namespace":["allTopicsPage","cta","description"],"searchable":true,"uid":false},{"type":"string","name":"primaryButtonText","label":"Primary Button Text","required":true,"namespace":["allTopicsPage","cta","primaryButtonText"],"searchable":true,"uid":false},{"type":"string","name":"primaryButtonLink","label":"Primary Button Link","required":true,"namespace":["allTopicsPage","cta","primaryButtonLink"],"searchable":true,"uid":false},{"type":"string","name":"secondaryButtonText","label":"Secondary Button Text","required":true,"namespace":["allTopicsPage","cta","secondaryButtonText"],"searchable":true,"uid":false},{"type":"string","name":"secondaryButtonLink","label":"Secondary Button Link","required":true,"namespace":["allTopicsPage","cta","secondaryButtonLink"],"searchable":true,"uid":false}],"namespace":["allTopicsPage","cta"],"searchable":true,"uid":false}],"namespace":["allTopicsPage"]},{"name":"podcast","label":"🎙️ Podcast Episodes","path":"src/content/podcast","format":"md","ui":{"filename":{"readonly":false}},"fields":[{"type":"string","name":"title","label":"Episode Title","isTitle":true,"required":true,"namespace":["podcast","title"],"searchable":true,"uid":false},{"type":"number","name":"episode","label":"Episode Number","required":true,"namespace":["podcast","episode"],"searchable":true,"uid":false},{"type":"string","name":"description","label":"Episode Description","required":true,"ui":{"component":"textarea"},"namespace":["podcast","description"],"searchable":true,"uid":false},{"type":"datetime","name":"pubDate","label":"Publish Date","required":true,"namespace":["podcast","pubDate"],"searchable":true,"uid":false},{"type":"string","name":"status","label":"Episode Status","options":[{"label":"📝 Draft","value":"draft"},{"label":"🎬 Recording","value":"recording"},{"label":"✂️ Editing","value":"editing"},{"label":"✅ Ready","value":"ready"},{"label":"🎙️ Published","value":"published"}],"ui":{"component":"radio-group"},"namespace":["podcast","status"],"searchable":true,"uid":false},{"type":"string","name":"duration","label":"Episode Duration","required":true,"description":"Duration in MM:SS or HH:MM:SS format","namespace":["podcast","duration"],"searchable":true,"uid":false},{"type":"string","name":"audioUrl","label":"Audio File URL","description":"Direct link to the audio file","namespace":["podcast","audioUrl"],"searchable":true,"uid":false},{"type":"boolean","name":"downloadable","label":"Allow Downloads","description":"Show download option for this episode","namespace":["podcast","downloadable"],"searchable":true,"uid":false},{"type":"image","name":"image","label":"Episode Cover Image","namespace":["podcast","image"],"searchable":false,"uid":false},{"type":"object","name":"guests","label":"Episode Guests","list":true,"fields":[{"type":"string","name":"name","label":"Guest Name","required":true,"namespace":["podcast","guests","name"],"searchable":true,"uid":false},{"type":"string","name":"role","label":"Guest Role/Title","namespace":["podcast","guests","role"],"searchable":true,"uid":false},{"type":"string","name":"company","label":"Company/Organization","namespace":["podcast","guests","company"],"searchable":true,"uid":false},{"type":"string","name":"bio","label":"Guest Bio","ui":{"component":"textarea"},"namespace":["podcast","guests","bio"],"searchable":true,"uid":false},{"type":"image","name":"photo","label":"Guest Photo","namespace":["podcast","guests","photo"],"searchable":false,"uid":false},{"type":"object","name":"social","label":"Social Links","fields":[{"type":"string","name":"twitter","label":"Twitter URL","namespace":["podcast","guests","social","twitter"],"searchable":true,"uid":false},{"type":"string","name":"linkedin","label":"LinkedIn URL","namespace":["podcast","guests","social","linkedin"],"searchable":true,"uid":false}],"namespace":["podcast","guests","social"],"searchable":true,"uid":false}],"namespace":["podcast","guests"],"searchable":true,"uid":false},{"type":"string","name":"tags","label":"Episode Tags","list":true,"ui":{"component":"tags"},"namespace":["podcast","tags"],"searchable":true,"uid":false},{"type":"boolean","name":"featured","label":"Featured Episode","namespace":["podcast","featured"],"searchable":true,"uid":false},{"type":"string","name":"transcript","label":"Episode Transcript","ui":{"component":"textarea"},"namespace":["podcast","transcript"],"searchable":true,"uid":false},{"type":"object","name":"seo","label":"SEO Settings","fields":[{"type":"string","name":"title","label":"SEO Title","namespace":["podcast","seo","title"],"searchable":true,"uid":false},{"type":"string","name":"description","label":"SEO Description","ui":{"component":"textarea"},"namespace":["podcast","seo","description"],"searchable":true,"uid":false},{"type":"string","name":"canonical","label":"Canonical URL","namespace":["podcast","seo","canonical"],"searchable":true,"uid":false}],"namespace":["podcast","seo"],"searchable":true,"uid":false},{"type":"rich-text","name":"body","label":"Episode Show Notes","isBody":true,"namespace":["podcast","body"],"searchable":true,"parser":{"type":"markdown"},"uid":false}],"namespace":["podcast"]},{"name":"contact","label":"📄 Contact Page","path":"src/content/contact","format":"mdx","ui":{"allowedActions":{"create":false,"delete":false}},"fields":[{"type":"string","name":"title","label":"Page Title","required":true,"namespace":["contact","title"],"searchable":true,"uid":false},{"type":"string","name":"description","label":"Page Description","ui":{"component":"textarea"},"namespace":["contact","description"],"searchable":true,"uid":false},{"type":"datetime","name":"pubDate","label":"Publication Date","namespace":["contact","pubDate"],"searchable":true,"uid":false},{"type":"object","name":"hero","label":"Hero Section","fields":[{"type":"string","name":"title","label":"Main Title","description":"First part of the hero title","namespace":["contact","hero","title"],"searchable":true,"uid":false},{"type":"string","name":"titleAccent","label":"Accent Title","description":"Highlighted part of the title","namespace":["contact","hero","titleAccent"],"searchable":true,"uid":false},{"type":"string","name":"subtitle","label":"Subtitle","ui":{"component":"textarea"},"namespace":["contact","hero","subtitle"],"searchable":true,"uid":false},{"type":"string","name":"responseTime","label":"Response Time Badge","description":"e.g., 'We usually respond within 24 hours'","namespace":["contact","hero","responseTime"],"searchable":true,"uid":false},{"type":"string","name":"badgeText","label":"Badge Text","namespace":["contact","hero","badgeText"],"searchable":true,"uid":false}],"namespace":["contact","hero"],"searchable":true,"uid":false},{"type":"object","name":"contactMethods","label":"Contact Methods","list":true,"ui":{},"fields":[{"type":"string","name":"title","label":"Title","required":true,"namespace":["contact","contactMethods","title"],"searchable":true,"uid":false},{"type":"string","name":"description","label":"Description","ui":{"component":"textarea"},"namespace":["contact","contactMethods","description"],"searchable":true,"uid":false},{"type":"string","name":"email","label":"Email Address","required":true,"namespace":["contact","contactMethods","email"],"searchable":true,"uid":false},{"type":"string","name":"icon","label":"Icon","description":"FontAwesome icon name (without 'fa-')","options":[{"value":"envelope","label":"Envelope"},{"value":"edit","label":"Edit"},{"value":"users","label":"Users"},{"value":"handshake","label":"Handshake"},{"value":"cog","label":"Settings"},{"value":"microphone","label":"Microphone"},{"value":"briefcase","label":"Briefcase"},{"value":"heart","label":"Heart"}],"namespace":["contact","contactMethods","icon"],"searchable":true,"uid":false},{"type":"string","name":"color","label":"Color Theme","options":[{"value":"blue","label":"Blue"},{"value":"purple","label":"Purple"},{"value":"green","label":"Green"},{"value":"orange","label":"Orange"},{"value":"red","label":"Red"},{"value":"indigo","label":"Indigo"},{"value":"pink","label":"Pink"},{"value":"yellow","label":"Yellow"}],"namespace":["contact","contactMethods","color"],"searchable":true,"uid":false},{"type":"boolean","name":"featured","label":"Show on Page","description":"Display this contact method on the page","namespace":["contact","contactMethods","featured"],"searchable":true,"uid":false}],"namespace":["contact","contactMethods"],"searchable":true,"uid":false},{"type":"object","name":"socialLinks","label":"Social Media Links","list":true,"ui":{},"fields":[{"type":"string","name":"name","label":"Platform Name","required":true,"namespace":["contact","socialLinks","name"],"searchable":true,"uid":false},{"type":"string","name":"url","label":"URL","required":true,"namespace":["contact","socialLinks","url"],"searchable":true,"uid":false},{"type":"string","name":"icon","label":"Icon Class","description":"Full FontAwesome class (e.g., 'fab fa-twitter')","namespace":["contact","socialLinks","icon"],"searchable":true,"uid":false},{"type":"string","name":"color","label":"Color Theme","options":[{"value":"blue","label":"Blue"},{"value":"purple","label":"Purple"},{"value":"green","label":"Green"},{"value":"orange","label":"Orange"},{"value":"red","label":"Red"},{"value":"pink","label":"Pink"},{"value":"gray","label":"Gray"}],"namespace":["contact","socialLinks","color"],"searchable":true,"uid":false},{"type":"boolean","name":"showInContact","label":"Show on Contact Page","description":"Display this social link on the contact page","namespace":["contact","socialLinks","showInContact"],"searchable":true,"uid":false}],"namespace":["contact","socialLinks"],"searchable":true,"uid":false},{"type":"object","name":"faq","label":"FAQ Section","fields":[{"type":"boolean","name":"enabled","label":"Enable FAQ Section","namespace":["contact","faq","enabled"],"searchable":true,"uid":false},{"type":"string","name":"title","label":"Section Title","description":"First part of the FAQ title","namespace":["contact","faq","title"],"searchable":true,"uid":false},{"type":"string","name":"titleAccent","label":"Title Accent","description":"Highlighted part of the title","namespace":["contact","faq","titleAccent"],"searchable":true,"uid":false},{"type":"string","name":"subtitle","label":"Section Subtitle","ui":{"component":"textarea"},"namespace":["contact","faq","subtitle"],"searchable":true,"uid":false},{"type":"object","name":"items","label":"FAQ Items","list":true,"ui":{},"fields":[{"type":"string","name":"question","label":"Question","required":true,"namespace":["contact","faq","items","question"],"searchable":true,"uid":false},{"type":"rich-text","name":"answer","label":"Answer","required":true,"templates":[{"name":"link","label":"Link","fields":[{"name":"url","label":"URL","type":"string","namespace":["contact","faq","items","answer","link","url"],"searchable":true,"uid":false},{"name":"text","label":"Link Text","type":"string","namespace":["contact","faq","items","answer","link","text"],"searchable":true,"uid":false}],"namespace":["contact","faq","items","answer","link"]}],"namespace":["contact","faq","items","answer"],"searchable":true,"parser":{"type":"mdx"},"uid":false},{"type":"string","name":"category","label":"Category","options":[{"value":"general","label":"General"},{"value":"content","label":"Content"},{"value":"business","label":"Business"},{"value":"technical","label":"Technical"},{"value":"community","label":"Community"}],"namespace":["contact","faq","items","category"],"searchable":true,"uid":false},{"type":"boolean","name":"featured","label":"Show on Page","description":"Display this FAQ item","namespace":["contact","faq","items","featured"],"searchable":true,"uid":false}],"namespace":["contact","faq","items"],"searchable":true,"uid":false}],"namespace":["contact","faq"],"searchable":true,"uid":false},{"type":"object","name":"cta","label":"Call to Action Section","fields":[{"type":"string","name":"title","label":"CTA Title","namespace":["contact","cta","title"],"searchable":true,"uid":false},{"type":"string","name":"titleAccent","label":"Title Accent","namespace":["contact","cta","titleAccent"],"searchable":true,"uid":false},{"type":"string","name":"subtitle","label":"CTA Subtitle","ui":{"component":"textarea"},"namespace":["contact","cta","subtitle"],"searchable":true,"uid":false},{"type":"object","name":"primaryButton","label":"Primary Button","fields":[{"type":"string","name":"text","label":"Button Text","namespace":["contact","cta","primaryButton","text"],"searchable":true,"uid":false},{"type":"string","name":"link","label":"Button Link","namespace":["contact","cta","primaryButton","link"],"searchable":true,"uid":false}],"namespace":["contact","cta","primaryButton"],"searchable":true,"uid":false},{"type":"object","name":"secondaryButton","label":"Secondary Button","fields":[{"type":"string","name":"text","label":"Button Text","namespace":["contact","cta","secondaryButton","text"],"searchable":true,"uid":false},{"type":"string","name":"link","label":"Button Link","namespace":["contact","cta","secondaryButton","link"],"searchable":true,"uid":false}],"namespace":["contact","cta","secondaryButton"],"searchable":true,"uid":false}],"namespace":["contact","cta"],"searchable":true,"uid":false},{"type":"object","name":"seo","label":"SEO Settings","fields":[{"type":"string","name":"title","label":"SEO Title","namespace":["contact","seo","title"],"searchable":true,"uid":false},{"type":"string","name":"description","label":"SEO Description","ui":{"component":"textarea"},"namespace":["contact","seo","description"],"searchable":true,"uid":false},{"type":"string","name":"canonical","label":"Canonical URL","namespace":["contact","seo","canonical"],"searchable":true,"uid":false},{"type":"boolean","name":"noindex","label":"No Index","description":"Prevent search engines from indexing this page","namespace":["contact","seo","noindex"],"searchable":true,"uid":false}],"namespace":["contact","seo"],"searchable":true,"uid":false},{"type":"rich-text","name":"body","label":"Page Content","isBody":true,"namespace":["contact","body"],"searchable":true,"parser":{"type":"mdx"},"uid":false}],"namespace":["contact"]},{"name":"legal","label":"⚖️ Legal Pages","path":"src/content/legal","format":"mdx","ui":{"filename":{"readonly":false}},"fields":[{"type":"string","name":"title","label":"Document Title","isTitle":true,"required":true,"description":"e.g., 'Terms of Service', 'Privacy Policy'","namespace":["legal","title"],"searchable":true,"uid":false},{"type":"string","name":"description","label":"Document Description","required":true,"description":"Brief description for SEO and navigation","ui":{"component":"textarea"},"namespace":["legal","description"],"searchable":true,"uid":false},{"type":"datetime","name":"pubDate","label":"Created Date","required":true,"namespace":["legal","pubDate"],"searchable":true,"uid":false},{"type":"datetime","name":"updatedDate","label":"Last Updated","description":"When this document was last updated","namespace":["legal","updatedDate"],"searchable":true,"uid":false},{"type":"string","name":"effectiveDate","label":"Effective Date","description":"When these terms/policies take effect (YYYY-MM-DD format)","namespace":["legal","effectiveDate"],"searchable":true,"uid":false},{"type":"string","name":"pageType","label":"Document Type","options":[{"label":"Legal Document","value":"legal"},{"label":"Privacy Policy","value":"privacy"},{"label":"Terms of Service","value":"terms"},{"label":"Cookie Policy","value":"cookies"},{"label":"Disclaimer","value":"disclaimer"},{"label":"GDPR Compliance","value":"gdpr"},{"label":"Data Processing","value":"data"}],"description":"Type of legal document","ui":{"component":"select"},"namespace":["legal","pageType"],"searchable":true,"uid":false},{"type":"object","name":"contact","label":"Contact Information","description":"Contact details for legal inquiries","fields":[{"type":"string","name":"email","label":"Legal Contact Email","namespace":["legal","contact","email"],"searchable":true,"uid":false},{"type":"string","name":"address","label":"Business Address","ui":{"component":"textarea"},"namespace":["legal","contact","address"],"searchable":true,"uid":false},{"type":"string","name":"phone","label":"Contact Phone","namespace":["legal","contact","phone"],"searchable":true,"uid":false}],"namespace":["legal","contact"],"searchable":true,"uid":false},{"type":"object","name":"seo","label":"SEO Settings","fields":[{"type":"string","name":"title","label":"SEO Title","namespace":["legal","seo","title"],"searchable":true,"uid":false},{"type":"string","name":"description","label":"SEO Description","ui":{"component":"textarea"},"namespace":["legal","seo","description"],"searchable":true,"uid":false},{"type":"boolean","name":"noindex","label":"No Index","description":"Prevent search engines from indexing this page","namespace":["legal","seo","noindex"],"searchable":true,"uid":false}],"namespace":["legal","seo"],"searchable":true,"uid":false},{"type":"rich-text","name":"body","label":"Legal Content","isBody":true,"description":"Legal document content with full formatting support","templates":[{"name":"section","label":"Content Section","fields":[{"type":"string","name":"title","label":"Section Title","namespace":["legal","body","section","title"],"searchable":true,"uid":false},{"type":"rich-text","name":"content","label":"Section Content","namespace":["legal","body","section","content"],"searchable":true,"parser":{"type":"mdx"},"uid":false}],"namespace":["legal","body","section"]},{"name":"contactInfo","label":"Contact Information Block","fields":[{"type":"string","name":"title","label":"Contact Title","namespace":["legal","body","contactInfo","title"],"searchable":true,"uid":false},{"type":"string","name":"email","label":"Email","namespace":["legal","body","contactInfo","email"],"searchable":true,"uid":false},{"type":"string","name":"address","label":"Address","namespace":["legal","body","contactInfo","address"],"searchable":true,"uid":false}],"namespace":["legal","body","contactInfo"]}],"namespace":["legal","body"],"searchable":true,"parser":{"type":"mdx"},"uid":false}],"namespace":["legal"]},{"name":"pages","label":"📄 Static Pages","path":"src/content/pages","format":"mdx","ui":{"filename":{"readonly":false}},"fields":[{"type":"string","name":"title","label":"Page Title","isTitle":true,"required":true,"description":"Main title displayed on the page","namespace":["pages","title"],"searchable":true,"uid":false},{"type":"string","name":"description","label":"Page Description","required":true,"description":"Brief description for SEO and navigation","ui":{"component":"textarea"},"namespace":["pages","description"],"searchable":true,"uid":false},{"type":"datetime","name":"pubDate","label":"Created Date","required":true,"namespace":["pages","pubDate"],"searchable":true,"uid":false},{"type":"datetime","name":"updatedDate","label":"Last Updated","description":"When this page was last updated","namespace":["pages","updatedDate"],"searchable":true,"uid":false},{"type":"string","name":"layout","label":"Page Layout","options":[{"label":"Default","value":"default"},{"label":"Full Width","value":"full-width"},{"label":"Minimal","value":"minimal"},{"label":"Landing Page","value":"landing"},{"label":"Contact","value":"contact"},{"label":"Community","value":"community"}],"description":"Choose the layout template for this page","ui":{"component":"select"},"namespace":["pages","layout"],"searchable":true,"uid":false},{"type":"object","name":"hero","label":"Hero Section","fields":[{"type":"string","name":"title","label":"Hero Title","namespace":["pages","hero","title"],"searchable":true,"uid":false},{"type":"string","name":"subtitle","label":"Hero Subtitle","ui":{"component":"textarea"},"namespace":["pages","hero","subtitle"],"searchable":true,"uid":false},{"type":"image","name":"image","label":"Hero Image","namespace":["pages","hero","image"],"searchable":false,"uid":false}],"namespace":["pages","hero"],"searchable":true,"uid":false},{"type":"object","name":"seo","label":"SEO Settings","description":"Search engine optimization options","fields":[{"type":"string","name":"title","label":"SEO Title","description":"Custom title for search engines","namespace":["pages","seo","title"],"searchable":true,"uid":false},{"type":"string","name":"description","label":"Meta Description","description":"Custom description for search engines","ui":{"component":"textarea"},"namespace":["pages","seo","description"],"searchable":true,"uid":false},{"type":"string","name":"canonical","label":"Canonical URL","namespace":["pages","seo","canonical"],"searchable":true,"uid":false},{"type":"boolean","name":"noindex","label":"Hide from Search Engines","description":"Prevent search engines from indexing this page","namespace":["pages","seo","noindex"],"searchable":true,"uid":false}],"namespace":["pages","seo"],"searchable":true,"uid":false},{"type":"rich-text","name":"body","label":"Page Content","isBody":true,"description":"Main content of the page","namespace":["pages","body"],"searchable":true,"parser":{"type":"mdx"},"uid":false}],"namespace":["pages"]},{"name":"categories","label":"🏷️ Categories","path":"src/content/categories","format":"md","ui":{"filename":{"readonly":false}},"fields":[{"type":"string","name":"name","label":"Category Name","isTitle":true,"required":true,"description":"Display name (e.g., 'Build Thinking')","namespace":["categories","name"],"searchable":true,"uid":false},{"type":"string","name":"slug","label":"Category Slug","required":true,"description":"URL-friendly version (e.g., 'build-thinking')","ui":{},"namespace":["categories","slug"],"searchable":true,"uid":false},{"type":"string","name":"description","label":"Description","required":true,"description":"Brief description of what this category covers","ui":{"component":"textarea"},"namespace":["categories","description"],"searchable":true,"uid":false},{"type":"string","name":"theme","label":"Category Theme","required":true,"options":[{"label":"Core Themes","value":"core"},{"label":"Specialized Themes","value":"specialized"},{"label":"Extended Themes","value":"extended"}],"description":"Which theme group this category belongs to","namespace":["categories","theme"],"searchable":true,"uid":false},{"type":"string","name":"icon","label":"Icon","description":"FontAwesome icon name","required":true,"options":[{"label":"Hammer (Build)","value":"hammer"},{"label":"Book (Learning)","value":"book"},{"label":"Repeat (Iterate)","value":"repeat"},{"label":"Lightbulb (Ideas)","value":"lightbulb"},{"label":"Rocket (Startup)","value":"rocket"},{"label":"Target (Strategy)","value":"target"},{"label":"Brain (AI)","value":"brain"},{"label":"Tools (Developer)","value":"tools"},{"label":"Chart Line (Research)","value":"chart-line"},{"label":"Cog (System)","value":"cog"},{"label":"Monitor (Interface)","value":"monitor"},{"label":"Users (Culture)","value":"users"},{"label":"Globe (Global)","value":"globe"},{"label":"Users Group (Community)","value":"users"},{"label":"Briefcase (Career)","value":"briefcase"},{"label":"Zap (Future)","value":"zap"},{"label":"Dollar Sign (Business)","value":"dollar-sign"},{"label":"Star (Creator)","value":"star"},{"label":"Eye (Consumer)","value":"eye"},{"label":"Map (Ecosystem)","value":"map"},{"label":"Tag (General)","value":"tag"},{"label":"Code (Programming)","value":"code"},{"label":"Database (Data)","value":"database"},{"label":"Shield (Security)","value":"shield-alt"},{"label":"Mobile (Mobile Dev)","value":"mobile-alt"},{"label":"Cloud (Cloud Tech)","value":"cloud"}],"namespace":["categories","icon"],"searchable":true,"uid":false},{"type":"string","name":"color","label":"Color Theme","required":true,"options":[{"label":"Blue","value":"blue"},{"label":"Green","value":"green"},{"label":"Orange","value":"orange"},{"label":"Purple","value":"purple"},{"label":"Red","value":"red"},{"label":"Indigo","value":"indigo"},{"label":"Violet","value":"violet"},{"label":"Emerald","value":"emerald"},{"label":"Cyan","value":"cyan"},{"label":"Slate","value":"slate"},{"label":"Pink","value":"pink"},{"label":"Teal","value":"teal"},{"label":"Amber","value":"amber"},{"label":"Yellow","value":"yellow"},{"label":"Gray","value":"gray"}],"namespace":["categories","color"],"searchable":true,"uid":false},{"type":"boolean","name":"featured","label":"Featured Category","description":"Show this category prominently on the homepage","namespace":["categories","featured"],"searchable":true,"uid":false},{"type":"number","name":"sortOrder","label":"Sort Order","description":"Order for displaying categories (lower numbers first)","namespace":["categories","sortOrder"],"searchable":true,"uid":false},{"type":"object","name":"seo","label":"SEO Settings","fields":[{"type":"string","name":"title","label":"SEO Title","description":"Custom title for search engines","namespace":["categories","seo","title"],"searchable":true,"uid":false},{"type":"string","name":"description","label":"SEO Description","description":"Custom description for search engines","ui":{"component":"textarea"},"namespace":["categories","seo","description"],"searchable":true,"uid":false}],"namespace":["categories","seo"],"searchable":true,"uid":false},{"type":"rich-text","name":"body","label":"Category Content","isBody":true,"description":"Detailed description and content for the category page","namespace":["categories","body"],"searchable":true,"parser":{"type":"markdown"},"uid":false}],"namespace":["categories"]},{"name":"authors","label":"👥 Authors","path":"src/content/authors","format":"md","ui":{"filename":{"readonly":false}},"fields":[{"type":"string","name":"name","label":"Full Name","isTitle":true,"required":true,"namespace":["authors","name"],"searchable":true,"uid":false},{"type":"string","name":"bio","label":"Biography","required":false,"ui":{"component":"textarea"},"namespace":["authors","bio"],"searchable":true,"uid":false},{"type":"image","name":"avatar","label":"Profile Picture","required":false,"namespace":["authors","avatar"],"searchable":false,"uid":false},{"type":"string","name":"role","label":"Role/Title","required":false,"namespace":["authors","role"],"searchable":true,"uid":false},{"type":"string","name":"company","label":"Company","required":false,"description":"Optional company affiliation","namespace":["authors","company"],"searchable":true,"uid":false},{"type":"string","name":"email","label":"Email Address","required":false,"description":"Optional contact email","namespace":["authors","email"],"searchable":true,"uid":false},{"type":"object","name":"social","label":"Social Media","required":false,"fields":[{"type":"string","name":"twitter","label":"Twitter Handle","required":false,"description":"Without @ symbol","namespace":["authors","social","twitter"],"searchable":true,"uid":false},{"type":"string","name":"linkedin","label":"LinkedIn Profile","required":false,"description":"Full LinkedIn URL","namespace":["authors","social","linkedin"],"searchable":true,"uid":false},{"type":"string","name":"github","label":"GitHub Username","required":false,"namespace":["authors","social","github"],"searchable":true,"uid":false},{"type":"string","name":"website","label":"Personal Website","required":false,"description":"Full URL including https://","namespace":["authors","social","website"],"searchable":true,"uid":false}],"namespace":["authors","social"],"searchable":true,"uid":false},{"type":"boolean","name":"featured","label":"Featured Author","description":"Show on authors page prominently","namespace":["authors","featured"],"searchable":true,"uid":false},{"type":"rich-text","name":"body","label":"Extended Bio","isBody":true,"required":false,"description":"Detailed author information for author page","namespace":["authors","body"],"searchable":true,"parser":{"type":"markdown"},"uid":false}],"namespace":["authors"]},{"name":"settings","label":"⚙️ Site Settings","path":"src/content/settings","format":"md","ui":{"global":true,"allowedActions":{"create":false,"delete":false},"filename":{"readonly":true}},"match":{"include":"global-settings"},"fields":[{"type":"string","name":"title","label":"Settings Title","isTitle":true,"required":true,"namespace":["settings","title"],"searchable":true,"uid":false},{"type":"string","name":"description","label":"Description","ui":{"component":"textarea"},"namespace":["settings","description"],"searchable":true,"uid":false},{"type":"object","name":"site","label":"🌐 Site Configuration","fields":[{"type":"string","name":"name","label":"Site Name","required":true,"namespace":["settings","site","name"],"searchable":true,"uid":false},{"type":"string","name":"description","label":"Site Description","ui":{"component":"textarea"},"namespace":["settings","site","description"],"searchable":true,"uid":false},{"type":"string","name":"url","label":"Site URL","description":"Full URL including https://","namespace":["settings","site","url"],"searchable":true,"uid":false},{"type":"string","name":"logo","label":"Logo URL","description":"Path to site logo","namespace":["settings","site","logo"],"searchable":true,"uid":false},{"type":"object","name":"giscus","label":"Giscus Comments Configuration","description":"Configure GitHub Discussions for comments","fields":[{"type":"string","name":"repo","label":"Repository","description":"GitHub repository in format: username/repo-name","namespace":["settings","site","giscus","repo"],"searchable":true,"uid":false},{"type":"string","name":"repoId","label":"Repository ID","description":"GitHub repository ID","namespace":["settings","site","giscus","repoId"],"searchable":true,"uid":false},{"type":"string","name":"category","label":"Discussion Category","description":"GitHub Discussions category name","namespace":["settings","site","giscus","category"],"searchable":true,"uid":false},{"type":"string","name":"categoryId","label":"Category ID","description":"GitHub Discussions category ID","namespace":["settings","site","giscus","categoryId"],"searchable":true,"uid":false},{"type":"string","name":"mapping","label":"Page-Discussion Mapping","options":[{"label":"Pathname","value":"pathname"},{"label":"URL","value":"url"},{"label":"Title","value":"title"},{"label":"OG Title","value":"og:title"}],"namespace":["settings","site","giscus","mapping"],"searchable":true,"uid":false},{"type":"boolean","name":"reactionsEnabled","label":"Enable Reactions","namespace":["settings","site","giscus","reactionsEnabled"],"searchable":true,"uid":false},{"type":"boolean","name":"emitMetadata","label":"Emit Metadata","namespace":["settings","site","giscus","emitMetadata"],"searchable":true,"uid":false},{"type":"string","name":"inputPosition","label":"Input Position","options":[{"label":"Top","value":"top"},{"label":"Bottom","value":"bottom"}],"namespace":["settings","site","giscus","inputPosition"],"searchable":true,"uid":false},{"type":"string","name":"lang","label":"Language","description":"Interface language (e.g., 'en', 'es', 'fr')","namespace":["settings","site","giscus","lang"],"searchable":true,"uid":false},{"type":"string","name":"loading","label":"Loading Strategy","options":[{"label":"Lazy","value":"lazy"},{"label":"Eager","value":"eager"}],"namespace":["settings","site","giscus","loading"],"searchable":true,"uid":false}],"namespace":["settings","site","giscus"],"searchable":true,"uid":false}],"namespace":["settings","site"],"searchable":true,"uid":false},{"type":"object","name":"categories","label":"Category Configuration","fields":[{"type":"string","name":"defaultColor","label":"Default Category Color","description":"Fallback color for categories without specific colors","namespace":["settings","categories","defaultColor"],"searchable":true,"uid":false},{"type":"object","name":"categoryMappings","label":"Category Color Mappings","list":true,"ui":{},"fields":[{"type":"string","name":"name","label":"Category Name","description":"Must match category values in blog posts","namespace":["settings","categories","categoryMappings","name"],"searchable":true,"uid":false},{"type":"string","name":"slug","label":"Category Slug","description":"URL-friendly version (auto-generated from name)","namespace":["settings","categories","categoryMappings","slug"],"searchable":true,"uid":false},{"type":"string","name":"color","label":"Category Color","description":"Theme color for this category","namespace":["settings","categories","categoryMappings","color"],"searchable":true,"uid":false},{"type":"string","name":"description","label":"Category Description","description":"Brief description of this category","ui":{"component":"textarea"},"namespace":["settings","categories","categoryMappings","description"],"searchable":true,"uid":false},{"type":"string","name":"icon","label":"Category Icon","description":"FontAwesome icon name","namespace":["settings","categories","categoryMappings","icon"],"searchable":true,"uid":false},{"type":"string","name":"theme","label":"Category Theme","options":[{"label":"Core","value":"core"},{"label":"Specialized","value":"specialized"},{"label":"Extended","value":"extended"}],"namespace":["settings","categories","categoryMappings","theme"],"searchable":true,"uid":false}],"namespace":["settings","categories","categoryMappings"],"searchable":true,"uid":false}],"namespace":["settings","categories"],"searchable":true,"uid":false},{"type":"object","name":"uiText","label":"UI Text Configuration","description":"Customize all text labels throughout the site","fields":[{"type":"string","name":"audioAvailableLabel","label":"Audio Available Badge","description":"Text shown when audio is available","namespace":["settings","uiText","audioAvailableLabel"],"searchable":true,"uid":false},{"type":"string","name":"audioTitle","label":"Audio Section Title","description":"Title for the audio player section","namespace":["settings","uiText","audioTitle"],"searchable":true,"uid":false},{"type":"string","name":"audioSubtitle","label":"Audio Section Subtitle","description":"Subtitle for the audio player section","namespace":["settings","uiText","audioSubtitle"],"searchable":true,"uid":false},{"type":"string","name":"noAudioText","label":"No Audio Text","description":"Text shown when no audio is available","namespace":["settings","uiText","noAudioText"],"searchable":true,"uid":false},{"type":"string","name":"byAuthorPrefix","label":"Author Prefix","description":"Text before author name (e.g., 'By')","namespace":["settings","uiText","byAuthorPrefix"],"searchable":true,"uid":false},{"type":"string","name":"aboutAuthorTitle","label":"About Author Section Title","description":"Title for the author bio section","namespace":["settings","uiText","aboutAuthorTitle"],"searchable":true,"uid":false},{"type":"string","name":"shareLabel","label":"Share Label","description":"Text for share functionality","namespace":["settings","uiText","shareLabel"],"searchable":true,"uid":false},{"type":"string","name":"shareArticleTitle","label":"Share Article Section Title","description":"Title for the share section in sidebar","namespace":["settings","uiText","shareArticleTitle"],"searchable":true,"uid":false},{"type":"string","name":"continueReadingTitle","label":"Continue Reading Title","description":"Title for the navigation section","namespace":["settings","uiText","continueReadingTitle"],"searchable":true,"uid":false},{"type":"string","name":"continueReadingSubtitle","label":"Continue Reading Subtitle","description":"Subtitle for the navigation section","namespace":["settings","uiText","continueReadingSubtitle"],"searchable":true,"uid":false},{"type":"string","name":"previousArticleLabel","label":"Previous Article Label","description":"Text for previous article link","namespace":["settings","uiText","previousArticleLabel"],"searchable":true,"uid":false},{"type":"string","name":"nextArticleLabel","label":"Next Article Label","description":"Text for next article link","namespace":["settings","uiText","nextArticleLabel"],"searchable":true,"uid":false},{"type":"string","name":"reachedBeginningText","label":"Reached Beginning Text","description":"Text when there's no previous article","namespace":["settings","uiText","reachedBeginningText"],"searchable":true,"uid":false},{"type":"string","name":"readAllText","label":"Read All Text","description":"Text when there's no next article","namespace":["settings","uiText","readAllText"],"searchable":true,"uid":false},{"type":"string","name":"browseAllArticlesText","label":"Browse All Articles Text","description":"Text for browse all articles link","namespace":["settings","uiText","browseAllArticlesText"],"searchable":true,"uid":false},{"type":"string","name":"tocTitle","label":"Table of Contents Title","description":"Title for the table of contents section","namespace":["settings","uiText","tocTitle"],"searchable":true,"uid":false},{"type":"string","name":"topicsTitle","label":"Topics Section Title","description":"Title for the tags/topics section","namespace":["settings","uiText","topicsTitle"],"searchable":true,"uid":false},{"type":"string","name":"readingProgressTitle","label":"Reading Progress Title","description":"Title for the reading progress section","namespace":["settings","uiText","readingProgressTitle"],"searchable":true,"uid":false},{"type":"string","name":"imageCreditText","label":"Image Credit Text","description":"Default image credit text","namespace":["settings","uiText","imageCreditText"],"searchable":true,"uid":false},{"type":"string","name":"readingTimePrefix","label":"Reading Time Prefix","description":"Text before reading time (e.g., 'Reading time:')","namespace":["settings","uiText","readingTimePrefix"],"searchable":true,"uid":false},{"type":"string","name":"defaultCategoryLabel","label":"Default Category Label","description":"Fallback category label when none is specified","namespace":["settings","uiText","defaultCategoryLabel"],"searchable":true,"uid":false},{"type":"string","name":"discussionTitle","label":"Discussion Section Title","description":"Title for the comments/discussion section","namespace":["settings","uiText","discussionTitle"],"searchable":true,"uid":false},{"type":"string","name":"discussionSubtitle","label":"Discussion Section Subtitle","description":"Subtitle for the comments/discussion section","namespace":["settings","uiText","discussionSubtitle"],"searchable":true,"uid":false},{"type":"string","name":"relatedTitle","label":"Related Content Title","description":"Title for the related posts section","namespace":["settings","uiText","relatedTitle"],"searchable":true,"uid":false},{"type":"string","name":"relatedSubtitle","label":"Related Content Subtitle","description":"Subtitle for the related posts section","namespace":["settings","uiText","relatedSubtitle"],"searchable":true,"uid":false}],"namespace":["settings","uiText"],"searchable":true,"uid":false},{"type":"object","name":"community","label":"Community Settings","description":"Configure community-related content and stats","fields":[{"type":"object","name":"stats","label":"Community Statistics","list":true,"ui":{},"fields":[{"type":"string","name":"number","label":"Statistic Number","description":"e.g., '1,200+', '50K'","namespace":["settings","community","stats","number"],"searchable":true,"uid":false},{"type":"string","name":"label","label":"Statistic Label","description":"e.g., 'Active Members', 'Monthly Readers'","namespace":["settings","community","stats","label"],"searchable":true,"uid":false},{"type":"string","name":"icon","label":"Icon","description":"FontAwesome icon name","options":[{"label":"Users","value":"users"},{"label":"Eye","value":"eye"},{"label":"Heart","value":"heart"},{"label":"Star","value":"star"},{"label":"Download","value":"download"},{"label":"Share","value":"share"}],"namespace":["settings","community","stats","icon"],"searchable":true,"uid":false}],"namespace":["settings","community","stats"],"searchable":true,"uid":false},{"type":"object","name":"platforms","label":"Community Platforms","list":true,"ui":{},"fields":[{"type":"string","name":"name","label":"Platform Name","description":"e.g., 'Discord', 'GitHub', 'Twitter'","namespace":["settings","community","platforms","name"],"searchable":true,"uid":false},{"type":"string","name":"description","label":"Platform Description","description":"Brief description of what happens on this platform","ui":{"component":"textarea"},"namespace":["settings","community","platforms","description"],"searchable":true,"uid":false},{"type":"string","name":"icon","label":"Platform Icon","description":"FontAwesome brand icon name","options":[{"label":"Discord","value":"discord"},{"label":"GitHub","value":"github"},{"label":"Twitter","value":"twitter"},{"label":"LinkedIn","value":"linkedin"},{"label":"YouTube","value":"youtube"},{"label":"Slack","value":"slack"}],"namespace":["settings","community","platforms","icon"],"searchable":true,"uid":false},{"type":"string","name":"link","label":"Platform URL","description":"Full URL to the platform","namespace":["settings","community","platforms","link"],"searchable":true,"uid":false},{"type":"string","name":"members","label":"Member Count","description":"e.g., '1.2K members', '500+ contributors'","namespace":["settings","community","platforms","members"],"searchable":true,"uid":false},{"type":"string","name":"activity","label":"Activity Level","description":"e.g., 'Very Active', 'Daily Updates'","namespace":["settings","community","platforms","activity"],"searchable":true,"uid":false},{"type":"string","name":"color","label":"Platform Color Theme","options":[{"label":"Purple","value":"purple"},{"label":"Blue","value":"blue"},{"label":"Green","value":"green"},{"label":"Gray","value":"gray"},{"label":"Red","value":"red"},{"label":"Yellow","value":"yellow"}],"namespace":["settings","community","platforms","color"],"searchable":true,"uid":false}],"namespace":["settings","community","platforms"],"searchable":true,"uid":false}],"namespace":["settings","community"],"searchable":true,"uid":false},{"type":"object","name":"research","label":"Research Settings","description":"Configure research-related content and reports","fields":[{"type":"object","name":"stats","label":"Research Statistics","list":true,"ui":{},"fields":[{"type":"string","name":"number","label":"Statistic Number","description":"e.g., '25+', '100K+'","namespace":["settings","research","stats","number"],"searchable":true,"uid":false},{"type":"string","name":"label","label":"Statistic Label","description":"e.g., 'Research Reports', 'Data Points'","namespace":["settings","research","stats","label"],"searchable":true,"uid":false},{"type":"string","name":"icon","label":"Icon","description":"icon name","options":[{"label":"Chart Line","value":"chart-line"},{"label":"File Alt","value":"file-alt"},{"label":"Database","value":"database"},{"label":"Microscope","value":"microscope"},{"label":"Brain","value":"brain"},{"label":"Lightbulb","value":"lightbulb"}],"namespace":["settings","research","stats","icon"],"searchable":true,"uid":false}],"namespace":["settings","research","stats"],"searchable":true,"uid":false},{"type":"object","name":"reports","label":"Featured Research Reports","list":true,"ui":{},"fields":[{"type":"string","name":"title","label":"Report Title","description":"Full title of the research report","namespace":["settings","research","reports","title"],"searchable":true,"uid":false},{"type":"string","name":"description","label":"Report Description","description":"Brief summary of the report content","ui":{"component":"textarea"},"namespace":["settings","research","reports","description"],"searchable":true,"uid":false},{"type":"datetime","name":"date","label":"Publication Date","description":"When the report was published","namespace":["settings","research","reports","date"],"searchable":true,"uid":false},{"type":"string","name":"type","label":"Report Type","description":"e.g., 'Industry Analysis', 'Technical Deep Dive'","options":[{"label":"Industry Analysis","value":"industry-analysis"},{"label":"Technical Deep Dive","value":"technical-deep-dive"},{"label":"Market Research","value":"market-research"},{"label":"User Study","value":"user-study"},{"label":"Trend Report","value":"trend-report"},{"label":"Case Study","value":"case-study"}],"namespace":["settings","research","reports","type"],"searchable":true,"uid":false},{"type":"number","name":"pages","label":"Page Count","description":"Number of pages in the report","namespace":["settings","research","reports","pages"],"searchable":true,"uid":false},{"type":"string","name":"downloads","label":"Download Count","description":"e.g., '2.5K downloads', '500+ reads'","namespace":["settings","research","reports","downloads"],"searchable":true,"uid":false},{"type":"string","name":"downloadUrl","label":"Download URL","description":"Link to download or view the report","namespace":["settings","research","reports","downloadUrl"],"searchable":true,"uid":false},{"type":"image","name":"coverImage","label":"Report Cover Image","description":"Cover image for the report","namespace":["settings","research","reports","coverImage"],"searchable":false,"uid":false},{"type":"boolean","name":"featured","label":"Featured Report","description":"Show this report prominently","namespace":["settings","research","reports","featured"],"searchable":true,"uid":false},{"type":"string","name":"tags","label":"Report Tags","list":true,"description":"Tags for categorizing the report","namespace":["settings","research","reports","tags"],"searchable":true,"uid":false}],"namespace":["settings","research","reports"],"searchable":true,"uid":false}],"namespace":["settings","research"],"searchable":true,"uid":false},{"type":"object","name":"newsletter","label":"Newsletter Configuration","description":"Configure newsletter signup and content","fields":[{"type":"string","name":"title","label":"Newsletter Title","description":"Main title for newsletter sections","namespace":["settings","newsletter","title"],"searchable":true,"uid":false},{"type":"string","name":"subtitle","label":"Newsletter Subtitle","description":"Subtitle or description for newsletter","ui":{"component":"textarea"},"namespace":["settings","newsletter","subtitle"],"searchable":true,"uid":false},{"type":"string","name":"frequency","label":"Newsletter Frequency","description":"How often the newsletter is sent","options":[{"label":"Weekly","value":"weekly"},{"label":"Bi-weekly","value":"bi-weekly"},{"label":"Monthly","value":"monthly"},{"label":"Irregular","value":"irregular"}],"namespace":["settings","newsletter","frequency"],"searchable":true,"uid":false},{"type":"string","name":"subscriberCount","label":"Subscriber Count","description":"e.g., '1,200+', '5K+'","namespace":["settings","newsletter","subscriberCount"],"searchable":true,"uid":false},{"type":"string","name":"signupFormId","label":"Signup Form ID","description":"ID for your email service provider form","namespace":["settings","newsletter","signupFormId"],"searchable":true,"uid":false},{"type":"string","name":"confirmationMessage","label":"Confirmation Message","description":"Message shown after successful signup","ui":{"component":"textarea"},"namespace":["settings","newsletter","confirmationMessage"],"searchable":true,"uid":false}],"namespace":["settings","newsletter"],"searchable":true,"uid":false},{"type":"object","name":"social","label":"Social Media Configuration","description":"Configure social media links and sharing","fields":[{"type":"object","name":"platforms","label":"Social Media Platforms","list":true,"fields":[{"type":"string","name":"name","label":"Platform Name","options":[{"label":"Twitter","value":"twitter"},{"label":"LinkedIn","value":"linkedin"},{"label":"GitHub","value":"github"},{"label":"YouTube","value":"youtube"},{"label":"Instagram","value":"instagram"},{"label":"TikTok","value":"tiktok"},{"label":"Discord","value":"discord"}],"namespace":["settings","social","platforms","name"],"searchable":true,"uid":false},{"type":"string","name":"url","label":"Profile URL","description":"Full URL to your profile on this platform","namespace":["settings","social","platforms","url"],"searchable":true,"uid":false},{"type":"string","name":"username","label":"Username/Handle","description":"Your username on this platform (without @)","namespace":["settings","social","platforms","username"],"searchable":true,"uid":false},{"type":"boolean","name":"showInFooter","label":"Show in Footer","description":"Display this platform in the site footer","namespace":["settings","social","platforms","showInFooter"],"searchable":true,"uid":false},{"type":"boolean","name":"enableSharing","label":"Enable Sharing","description":"Include this platform in share buttons","namespace":["settings","social","platforms","enableSharing"],"searchable":true,"uid":false}],"namespace":["settings","social","platforms"],"searchable":true,"uid":false},{"type":"string","name":"defaultShareText","label":"Default Share Text","description":"Default text for social media shares","ui":{"component":"textarea"},"namespace":["settings","social","defaultShareText"],"searchable":true,"uid":false}],"namespace":["settings","social"],"searchable":true,"uid":false},{"type":"object","name":"analytics","label":"Analytics Configuration","description":"Configure tracking and analytics","fields":[{"type":"string","name":"googleAnalyticsId","label":"Google Analytics ID","description":"GA4 Measurement ID (e.g., G-XXXXXXXXXX)","namespace":["settings","analytics","googleAnalyticsId"],"searchable":true,"uid":false},{"type":"string","name":"googleTagManagerId","label":"Google Tag Manager ID","description":"GTM Container ID (e.g., GTM-XXXXXXX)","namespace":["settings","analytics","googleTagManagerId"],"searchable":true,"uid":false},{"type":"boolean","name":"enableCookieConsent","label":"Enable Cookie Consent","description":"Show cookie consent banner","namespace":["settings","analytics","enableCookieConsent"],"searchable":true,"uid":false},{"type":"string","name":"cookieConsentMessage","label":"Cookie Consent Message","description":"Message shown in cookie consent banner","ui":{"component":"textarea"},"namespace":["settings","analytics","cookieConsentMessage"],"searchable":true,"uid":false}],"namespace":["settings","analytics"],"searchable":true,"uid":false},{"type":"object","name":"performance","label":"Performance Settings","description":"Configure performance-related options","fields":[{"type":"boolean","name":"enableImageOptimization","label":"Enable Image Optimization","description":"Automatically optimize images","namespace":["settings","performance","enableImageOptimization"],"searchable":true,"uid":false},{"type":"boolean","name":"enableLazyLoading","label":"Enable Lazy Loading","description":"Lazy load images and components","namespace":["settings","performance","enableLazyLoading"],"searchable":true,"uid":false},{"type":"boolean","name":"enableServiceWorker","label":"Enable Service Worker","description":"Enable offline functionality","namespace":["settings","performance","enableServiceWorker"],"searchable":true,"uid":false},{"type":"number","name":"cacheMaxAge","label":"Cache Max Age (hours)","description":"How long to cache static assets","namespace":["settings","performance","cacheMaxAge"],"searchable":true,"uid":false}],"namespace":["settings","performance"],"searchable":true,"uid":false}],"namespace":["settings"]}],"config":{"media":{"tina":{"publicFolder":"public","mediaRoot":"","static":false}}}}